"","SRR12794681","SRR12794682","SRR12794683","SRR12794684","SRR12794685","SRR12794686","SRR12794687","SRR12794688","SRR12794689","SRR12794690","SRR12794691","SRR12794692","SRR12794693","SRR12794694","SRR12794695","SRR12794696","SRR12794697","SRR12794698","SRR12794699","SRR12794700","SRR12794701","SRR12794702","SRR12794703","SRR12794704","SRR12794705","SRR12794706","SRR12794707","SRR12794708","SRR12794709","SRR12794710","SRR12794711","SRR12794712","SRR12794713","SRR12794714","SRR12794715","SRR12794716","SRR12794717","SRR12794718","SRR12794719","SRR12794720","SRR12794721","SRR12794722","SRR12794723","SRR12794724","SRR12794725","SRR12794726","SRR12794727","SRR12794728","SRR12794729","SRR12794730"
"chr6:18212488|18213781",15.7329733494988,31.2239174052655,21.4943343330863,31.2736655614945,19.929454565886,13.1345768540374,34.2265806956757,35.4870457083126,50.3906538254677,23.9792255888918,18.4808606074771,9.41133104138431,31.7073880261298,35.6532908409339,23.0240843350463,23.6041023548278,21.3900158524459,22.1225166307481,44.9474586072441,31.8077099604627,34.5263674078801,37.1663219195606,49.0835590884608,25.6811789239005,15.582082250305,30.4932468499132,15.4239997290793,27.4855485233817,31.7100329233802,40.7669975807809,15.2968432330188,13.3756963071864,10.4845420951192,11.4517821702962,20.4241089027957,15.2443828033818,19.3838454323945,16.0300747321377,16.7891154477943,12.7866170812134,24.1479423697409,20.9976307368513,23.4798329418953,10.6238652025337,18.4469931599651,26.0079041680578,25.1048883572626,13.0202501535945,0,19.3222716082512
"chrX:148661908|148662768",170.964977064554,208.159449368437,108.602952419804,220.275383520092,191.496063437427,83.4983814292379,242.519771786502,292.768127093579,338.796736358463,197.079260308705,162.80758154206,159.992627703533,70.788587221127,196.550193097456,150.807752394553,157.058065668662,107.714008399817,155.742517080466,187.106862574342,176.709499780349,351.460714382779,222.997931517364,220.876015898073,195.283964733827,220.486463841816,206.482842955127,117.459690244527,160.0051574754,98.3824098392051,111.090068407628,110.902113439386,149.998880016304,135.250593027038,91.6142573623697,111.73188988,81.3033749513696,34.5538114229642,120.225560491033,168.940474193431,52.973127907884,143.424142559673,228.551134558804,169.250462456162,99.864332903817,145.060446212453,122.124071745663,116.737730861271,127.598451505226,97.0981648378521,153.561211202418
"chr7:48410520|48412583",5.24432444983294,13.2465104143551,19.2317728243404,6.79862294815099,6.06548617222619,22.5164174640641,7.82321844472586,12.8147665057796,0,13.4883143937516,9.68045079439275,8.55575549216755,15.4850034546215,9.14186944639332,19.5704716847893,7.26280072456239,3.81964568793676,13.2735099784488,11.4981870855741,10.6025699868209,14.1646635519508,14.0629326182121,17.5298425315931,7.49034385280432,3.89552056257625,13.0685343642485,7.71199986453966,15.7060277276467,8.94385543992774,18.3451489113514,0,5.73244127450844,3.14536262853577,10.6337977295608,12.0141817075269,0,4.2138794418249,3.20601494642755,7.34523800841003,16.4399362472744,1.46351165877217,16.1520236437317,0,3.54128840084457,0,9.04622753671577,2.51048883572626,11.718225138235,2.94236863145006,8.13569330873737
"chr1:17341943|17342402",6.29318933979953,8.51561383779969,14.7066498068485,10.8777967170416,6.06548617222619,8.44365654902405,8.8011207503166,17.7435228541563,15.0099819905648,5.99480639722295,9.68045079439275,11.1224821398178,18.4345279221685,26.5114213945406,13.8144506010278,7.26280072456239,9.16714965104823,5.30940399137953,40.7662996670353,8.24644332308293,11.50878913596,9.04045668313637,4.6746246750915,6.42029473097513,3.89552056257625,12.1972987399653,10.0849228997826,7.85301386382333,8.94385543992774,18.3451489113514,6.37368468042449,4.7770343954237,4.19381683804769,5.72589108514811,8.40992719526881,10.1629218689212,14.3271901022047,6.41202989285509,10.4931971548715,17.3532660387896,2.92702331754435,8.07601182186587,2.93497911773691,7.08257680168915,2.51549906726797,3.39233532626841,7.53146650717878,5.20810006143779,0,6.10176998155302
"chr12:94169153|94186473",81.8114614173939,106.918262630152,138.016252033501,99.2598950430044,93.581786657204,62.8583320871791,135.928420477112,147.862690451303,200.490473731116,112.40261994793,122.325696401872,118.069425791912,124.617408753859,141.698976419096,113.969217458479,84.4300584230378,60.3504018694009,84.9504638620725,130.661216881524,95.4231298813882,142.531926991505,94.4225475794243,78.2999633077827,100.049592891029,82.5850359266165,116.745573653953,120.425844038581,81.475018837167,60.1677547776957,131.473567198018,71.3852684207543,53.5027852287455,47.1804394280365,69.5286774625127,86.5021082941934,87.4011280727223,121.359727924557,67.3263138749785,52.4659857743573,159.832713515167,67.32153630352,126.793385603294,63.5912142176331,87.1156946607765,21.8009919163224,70.1082634095472,84.1013759968297,88.5377010444425,43.1547399279343,96.6113580412562
"chr21:33432177|33432871",56.6387040581958,32.1700967205766,89.371179595464,31.2736655614945,45.9243953039983,30.9600740130882,67.4752590857606,129.133416327471,61.112069533014,81.6792371621627,37.8417621962626,48.7678063053551,89.9604962601822,78.6200772389825,82.8867036061666,61.7338061587803,51.94718135594,51.3242385833355,35.5398509917744,60.0812299253185,41.6086991838554,59.265216033894,36.2283412319591,36.3816701421924,52.1999755385218,72.3125568155085,61.1027681575065,54.9710970467633,52.8500548723003,63.1888462502104,28.0442125938678,28.6622063725422,37.7443515424292,38.4452687145659,43.2510541470967,37.6028109150084,64.0509675157385,59.3112765089096,51.4166660588702,61.1930960315212,24.1479423697409,44.4180650202623,43.0463603934747,31.8715956076012,63.7259763707886,30.5310179364157,22.5943995215364,35.1546754147051,24.5197385954172,75.2551631058206
"chr2:71526220|71539239",15.7329733494988,12.300331099044,16.9692113155944,14.9569704859322,13.8639683936599,6.56728842701871,6.84531613913513,28.5867868205852,20.370689844338,15.7363667927102,12.320573738318,17.9670865335519,17.6971468052817,44.7951602873272,31.0825138523125,12.7099012679842,21.3900158524459,11.503708647989,25.0869536412525,31.8077099604627,15.9352464959446,17.0764181792576,10.5179055189559,10.1654666573773,7.01193701263725,12.1972987399653,22.5427688348082,5.8897603978675,13.8223220435247,19.3643238508709,5.09894774433959,5.73244127450844,7.33917946658346,7.361859966619,10.8127635367742,7.11404530824484,21.9121730974895,8.01503736606887,8.39455772389717,15.5266064557591,14.6351165877217,12.1140177327988,14.6748955886846,9.91560752236481,13.4159950254292,10.1770059788052,21.3391551036732,15.6243001843134,4.90394771908344,17.2883482810669
"chr12:128945326|128957643",4.19545955986636,17.9774069909105,0,9.51807212741138,4.3324901230187,5.62910436601604,14.668534583861,10.8432639664289,8.57713256603705,7.49350799652869,14.9606966822433,14.5447843366848,12.5354789870746,19.197925837426,9.20963373401851,10.8942010868436,4.58357482552412,5.30940399137953,8.36231788041751,3.53418999560697,7.0823317759754,5.02247593507576,16.3611863628203,13.9106385837794,7.01193701263725,33.1069537227629,1.77969227643223,12.7611475287129,8.13077767266158,8.15339951615618,7.64842161650939,3.82162751633896,1.04845420951192,8.17984440735444,0,3.04887656067636,8.4277588836498,12.8240597857102,10.4931971548715,10.0466277066677,5.12229080570261,5.65320827530611,5.86995823547383,2.83303072067566,2.51549906726797,9.04622753671577,10.041955342905,9.11417510751614,9.80789543816688,2.03392332718434
"chrX:148651999|148662768",22.0261626892984,29.3315587746434,29.413299613697,20.395868844453,25.9949407381122,20.6400493420588,25.4254599453591,50.2733147534429,36.4528134056575,23.9792255888918,28.1613114018698,34.2230219686702,31.7073880261298,42.0525994534092,27.6289012020555,32.6826032605308,24.4457324027953,25.6621192916677,45.9927483422963,29.4515832967248,52.2321968478185,21.0943989273182,22.2044672066846,24.0761052411567,26.4895398255185,40.0768387170288,29.6615379405372,19.6325346595583,26.0184885525171,36.6902978227028,17.8463171051886,15.2865100653559,14.6783589331669,19.6316265776507,26.4311997565591,14.2280906164897,33.7110355345992,40.0751868303443,25.1836731716915,26.486563953942,24.879698199127,24.2280354655976,18.5882010790005,22.6642457654053,14.2544947145185,24.8771257259684,21.3391551036732,18.2283502150323,8.82710589435019,29.491888244173
"chr4:37631385|37638504",166.769517504688,187.343504431593,184.398762962793,168.605849114144,156.836142453277,138.851241028396,219.050116452324,227.708543295006,235.871145566019,242.040308287877,156.647294672901,233.572124936174,248.497436390831,401.328068696666,170.378224079342,173.399367298927,223.831237313094,206.181854998572,223.692003301168,222.653969723239,332.869593470844,153.687763613318,213.864078885436,189.398694563766,171.402904753355,239.58979667789,186.867689025384,260.131084239148,131.718598297118,233.391061149971,184.83685573231,138.533997467287,149.928951960205,131.695494958406,200.636834515699,147.362367099357,131.473038584937,179.536836999943,138.510202444303,235.639086210932,163.181549953097,229.358735740991,157.510545985214,159.357978038006,190.339429423277,175.270658523868,146.863596889986,166.659201966009,116.713955714186,150.510326211641
"chr4:102722871|102726683",22.0261626892984,39.7395312430652,30.54458036807,19.0361442548228,35.5264190087534,15.0109449760428,38.1381899180386,26.6152842812345,10.7214157075463,38.9662415819492,15.8407376635518,19.6782376319854,26.5457202079226,31.9965430623766,28.7801054188078,27.235502717109,23.6818032652079,17.6980133045984,40.7662996670353,18.8490133099038,34.5263674078801,35.1573315455303,24.5417795442304,31.566449093961,39.7343097382778,28.7507756013467,17.2036920055115,38.2834425861387,24.3923330179847,30.5752481855857,20.3957909773584,15.2865100653559,14.6783589331669,20.4496110183861,10.8127635367742,11.1792140558133,25.2832766509494,22.4421046249928,20.9863943097429,22.833244787881,15.3668724171078,29.8812437409037,31.3064439225271,21.9559880852364,19.2854928490545,18.0924550734315,18.828666267947,19.5303752303917,16.6734222448837,21.3561949354356
"chr1:95143891|95151419",50.3455147183963,42.5780691889985,75.7958105429885,65.2667803022495,54.5893755500357,33.7746261960962,63.5636498633976,139.9766802939,97.5648829386714,89.1727451586914,75.6835243925251,80.424101626375,131.25383880584,127.986172249506,61.0138234878726,61.7338061587803,47.3636065304159,95.5692718448316,51.2191970175572,75.3960532396154,69.938026287757,67.3011775300152,64.2760892825082,129.475943741332,58.4328084386438,91.4797405497396,53.9839990517776,81.475018837167,46.345432734171,41.7861725203004,40.7915819547167,68.7892952941013,66.0526151992511,64.6207708181001,46.8553086593548,108.743263997457,35.3965873113292,30.4571419910617,61.9098632137417,57.5397768654602,44.6371055925513,61.3776898461807,52.8296241192645,99.864332903817,73.7879726398605,64.4543711990998,22.5943995215364,40.3627754761429,51.9818458222845,62.0346614791224
"chr2:227491547|227524915",14.6841084595322,10.4079724684218,12.4440882981026,21.7555934340832,6.06548617222619,9.38184061002672,11.7348276670888,37.4585482476634,16.0821235613195,22.4805239895861,8.80040981308432,22.2449642796356,6.63643005198065,23.7688605606226,11.5120421675231,7.26280072456239,5.34750396311147,8.84900665229922,13.5887665556784,11.7806333186899,3.5411658879877,15.0674278052273,17.5298425315931,6.95531929188972,8.57014523766775,13.0685343642485,9.49169214097189,10.7978940627571,8.13077767266158,30.5752481855857,10.1978954886792,4.7770343954237,9.4360878856073,1.63596888147089,7.20850902451612,4.06516874756848,9.27053477201478,6.41202989285509,8.39455772389717,5.47997874909145,5.8540466350887,19.3824283724781,8.80493735321074,3.54128840084457,12.5774953363399,15.8308981892526,12.5524441786313,10.4162001228756,11.7694745258003,13.2205016266982
"chr12:94220016|94227235",24.1238924692315,14.1926897296662,12.4440882981026,14.9569704859322,14.7304664182636,20.6400493420588,18.5801438062239,30.5582893599359,43.9578044009399,26.9766287875033,23.7611064953277,16.2559354351184,28.0204824416961,45.7093472319666,0,9.98635099627329,27.5014489531447,15.0433113089087,21.951084436096,20.0270766417728,26.5587441599077,15.0674278052273,24.5417795442304,12.8405894619503,16.3611863628203,10.4548274913988,11.2713844174041,7.85301386382333,19.5138664143878,34.6519479436638,8.92315855259429,7.64325503267793,6.29072525707153,7.361859966619,22.826945244301,16.2606749902739,19.3838454323945,6.41202989285509,16.7891154477943,18.2665958303048,16.83038407588,18.5748271902915,15.6532219612635,5.66606144135132,11.7389956472505,19.223233515521,17.5734218500838,18.2283502150323,9.80789543816688,27.4579649169886
"chr7:6814764|6823360",13.6352435695657,26.4930208287102,19.2317728243404,21.7555934340832,41.5919051809796,30.9600740130882,13.6906322782703,31.5440406296112,28.947822410375,31.4727335854205,32.561516308412,27.3784175749362,22.1214335066022,8.22768250175398,27.6289012020555,29.9590529888199,17.5703701645091,28.3168212873575,28.2228228464091,37.6980266198077,28.3293271039016,19.0854085532879,30.3850603880948,12.8405894619503,27.2686439380338,32.2357180984797,21.3563073171867,29.4488019893375,18.7007886471216,26.4985484275076,8.92315855259429,21.0189513398643,20.9690841902384,12.2697666110317,21.6255270735484,8.13033749513696,16.8555177672996,17.6330822053515,16.7891154477943,21.9199149963658,27.0749656872852,36.3420531983964,15.6532219612635,9.91560752236481,15.0929944036078,27.1386826101473,8.78671092504191,19.5303752303917,15.692632701067,18.3053099446591
"chrX:17133824|17138961",8.39091911973271,11.3541517837329,12.4440882981026,16.3166950755624,11.2644743198486,14.0727609150401,12.7127299726795,21.6865279328577,23.5871145566019,9.7415603954873,11.4405327570096,17.9670865335519,16.959765688395,25.5972344499013,11.5120421675231,9.98635099627329,11.4589370638103,11.503708647989,6.27173841031313,18.8490133099038,21.2469953279262,11.0494470571667,10.5179055189559,11.7705403401211,12.465665800244,16.5534768613815,8.89846138216114,9.81626732977916,11.3830887417262,11.2109243347148,14.0221062969339,4.7770343954237,5.24227104755961,8.17984440735444,4.80567268301075,7.11404530824484,10.9560865487447,9.61804483928264,3.14795914646144,21.0065852048506,8.04931412324696,15.3444224615452,10.7615900983687,7.79083448185806,12.5774953363399,6.78467065253682,13.8076885964944,6.51012507679724,10.7886849819836,6.10176998155302
"chr12:98677425|98686873",9.4397840096993,12.300331099044,22.6256150874593,17.6764196651926,18.1964585166786,10.3200246710294,16.6243391950425,23.6580304722084,15.0099819905648,9.7415603954873,17.6008196261686,17.9670865335519,22.1214335066022,21.0262997267046,16.1168590345324,13.6177513585545,20.6260867148585,17.6980133045984,12.5434768206263,10.6025699868209,20.3617038559293,28.1258652364243,12.8552178565016,10.1654666573773,14.8029781377898,9.58359186711558,9.49169214097189,20.6141613925362,17.8877108798555,22.4218486694295,8.92315855259429,13.3756963071864,7.33917946658346,9.81581328882533,0,7.11404530824484,7.58498299528482,12.8240597857102,10.4931971548715,13.6999468727286,13.1716049289496,18.5748271902915,8.80493735321074,8.49909216202698,15.9314940926972,16.9616766313421,11.2971997607682,15.6243001843134,10.7886849819836,17.2883482810669
"chr19:47362476|47362693",5.24432444983294,15.1388690449772,13.5753690524755,6.79862294815099,14.7304664182636,28.1455218300802,13.6906322782703,18.7292741238317,17.1542651320741,8.24285879618156,8.80040981308432,15.4003598859016,16.2223845715083,18.2837388927866,10.3608379507708,17.2491517208357,9.93107878863559,7.9641059870693,26.1322433763047,7.06837999121394,16.8205379679416,11.0494470571667,12.8552178565016,13.3756140228648,14.0238740252745,16.5534768613815,0,18.6509079265804,13.0092442762585,23.441023608949,7.64842161650939,11.4648825490169,9.4360878856073,12.2697666110317,10.8127635367742,5.0814609344606,17.6982936556646,9.61804483928264,9.44387743938432,14.6132766642439,8.04931412324696,8.88361300405246,4.89163186289486,3.54128840084457,9.22349657998257,5.65389221044735,13.8076885964944,9.11417510751614,6.86552680671682,13.2205016266982
"chr2:40428473|40430301",8.39091911973271,9.46179315311077,11.3128075437296,14.9569704859322,9.53147827064115,11.2582087320321,6.84531613913513,21.6865279328577,12.8656988490556,8.99220959583443,9.68045079439275,8.55575549216755,12.5354789870746,25.5972344499013,14.9656548177801,12.7099012679842,14.5146536141597,6.19430465660946,8.36231788041751,10.6025699868209,14.1646635519508,8.03596149612121,12.8552178565016,10.1654666573773,13.2447699127593,18.2959481099479,5.33907682929669,0,9.75693320719389,10.1917493951952,8.92315855259429,8.59866191176267,8.38763367609538,2.45395332220633,8.40992719526881,6.09775312135272,4.2138794418249,9.61804483928264,8.39455772389717,11.8732872896981,8.78106995263305,4.84560709311952,10.7615900983687,1.41651536033783,13.4159950254292,7.91544909462629,2.51048883572626,11.718225138235,3.92315817526675,16.2713866174747
"chr11:47358844|47360040",10.4886488996659,15.1388690449772,14.7066498068485,19.0361442548228,8.66498024603741,3.75273624401069,9.77902305590733,22.6722792025331,15.0099819905648,18.7337699913217,8.80040981308432,9.41133104138431,13.2728601039613,17.3695519481473,12.6632463842755,11.8020511774139,16.8064410269218,7.07920532183938,20.9057947010438,11.7806333186899,15.9352464959446,18.0809133662727,16.3611863628203,18.7258596320108,18.698498700366,20.9096549827976,16.6104612467008,17.6692811936025,8.94385543992774,21.40267372991,6.37368468042449,6.68784815359319,4.19381683804769,8.17984440735444,9.61134536602149,9.14662968202908,16.8555177672996,12.8240597857102,0,21.9199149963658,16.83038407588,16.1520236437317,12.7182428435266,6.37431912152023,5.03099813453594,10.1770059788052,11.2971997607682,14.3222751689539,7.8463163505335,11.1865782995139
"chr9:85677436|85712566",10.4886488996659,16.0850483602883,9.0502460349837,14.9569704859322,2.59949407381122,14.0727609150401,13.6906322782703,5.91450761805211,9.64927413679168,10.4909111951402,10.5604917757012,13.6892087874681,12.5354789870746,10.970243335672,25.3264927685509,8.17065081513269,12.986795338985,8.84900665229922,9.40760761546969,12.9586966505589,18.5911209119354,0,11.6865616877288,16.0507368274378,9.349249350183,14.811005612815,10.6781536585934,12.7611475287129,7.31769990539542,7.13422457663666,0,3.82162751633896,14.6783589331669,5.72589108514811,7.20850902451612,2.03258437378424,12.6416383254747,4.80902241964132,6.29591829292288,11.8732872896981,9.51282578201913,14.5368212793586,7.82661098063177,5.66606144135132,10.9004959581612,6.78467065253682,8.78671092504191,5.20810006143779,8.82710589435019,4.06784665436868
"chr2:31917926|31920910",10.4886488996659,17.0312276755994,14.7066498068485,6.79862294815099,7.79848222143367,6.56728842701871,4.88951152795366,15.7720203148056,26.8035392688658,10.4909111951402,8.80040981308432,3.42230219686702,22.1214335066022,12.7986172249506,13.8144506010278,11.8020511774139,10.6950079262229,7.07920532183938,14.6340562907306,25.9173933011178,20.3617038559293,7.03146630910606,9.349249350183,10.1654666573773,10.9074575752135,11.3260631156821,6.52553834691817,13.7427742616908,13.0092442762585,9.1725744556757,0,11.4648825490169,6.29072525707153,11.4517821702962,6.00709085376343,9.14662968202908,16.0127418789346,0,10.4931971548715,10.0466277066677,5.12229080570261,5.65320827530611,6.8482846080528,10.6238652025337,10.9004959581612,10.1770059788052,12.5524441786313,0,7.8463163505335,12.203539963106
"chr4:94573351|94586444",11.5375137896325,7.56943452248862,20.3630535787133,13.597245896302,19.0629565412823,19.7018652810561,11.7348276670888,17.7435228541563,23.5871145566019,10.4909111951402,14.0806557009349,7.7001799429508,11.0607167533011,17.3695519481473,14.9656548177801,10.8942010868436,10.6950079262229,16.8131126393685,10.4528973505219,10.6025699868209,15.9352464959446,8.03596149612121,12.8552178565016,19.79590875384,17.9193945878508,11.3260631156821,17.7969227643223,17.6692811936025,21.9530997161863,12.2300992742343,15.2968432330188,7.64325503267793,9.4360878856073,0,6.00709085376343,11.1792140558133,11.7988624371097,8.01503736606887,14.6904760168201,7.30663833212194,10.2445816114052,4.03800591093294,15.6532219612635,9.20734984219589,10.0619962690719,11.3077844208947,17.5734218500838,9.11417510751614,17.6542117887004,17.2883482810669
"chr3:71710412|71728623",6.29318933979953,9.46179315311077,12.4440882981026,13.597245896302,8.66498024603741,4.69092030501336,3.91160922236293,18.7292741238317,12.8656988490556,9.7415603954873,11.4405327570096,12.8336332382513,5.89904893509391,15.5411780588686,13.8144506010278,9.07850090570299,3.81964568793676,6.19430465660946,11.4981870855741,9.42450665495192,10.6234976639631,12.0539422441818,8.18059318141013,5.35024560914594,12.465665800244,13.9397699885318,4.74584607048594,4.90813366488958,2.43923330179847,16.3067990323124,7.64842161650939,6.68784815359319,3.14536262853577,8.99782884808988,7.20850902451612,10.1629218689212,6.74220710691984,0,2.09863943097429,4.56664895757621,5.12229080570261,5.65320827530611,9.78326372578971,4.24954608101349,6.70799751271459,11.3077844208947,10.041955342905,10.4162001228756,2.94236863145006,5.08480831796085
"chr1:167951800|167975015",12.5863786795991,15.1388690449772,11.3128075437296,10.8777967170416,19.929454565886,17.8254971590508,21.5138507229961,30.5582893599359,23.5871145566019,15.7363667927102,5.28024588785059,17.9670865335519,17.6971468052817,14.6269911142293,10.3608379507708,12.7099012679842,16.0425118893344,17.6980133045984,13.5887665556784,22.3832033055108,17.7058294399385,20.089903740303,8.18059318141013,23.0060561193275,13.2447699127593,19.1671837342312,11.8646151762149,11.779520795735,11.3830887417262,25.4793734879881,8.92315855259429,13.3756963071864,12.5814505141431,13.0877510517671,2.40283634150537,7.11404530824484,12.6416383254747,16.0300747321377,7.34523800841003,13.6999468727286,10.9763374407913,16.9596248259183,7.82661098063177,19.1229573645607,11.7389956472505,16.9616766313421,15.0629330143576,10.4162001228756,16.6734222448837,10.1696166359217
"chr7:32632543|32639365",37.7591360387972,64.3401934411532,57.6953184730211,19.0361442548228,11.2644743198486,27.2073377690775,37.1602876124479,37.4585482476634,90.059891943389,20.2324715906275,15.8407376635518,29.9451442225864,22.8588146234889,29.2539822284586,20.7216759015417,32.6826032605308,51.1832522183526,13.2735099784488,14.6340562907306,40.0541532835457,63.7409859837786,26.1168748623939,44.4089344133693,47.6171859213989,67.0029536763115,31.3644824741964,30.2547686993479,18.6509079265804,19.5138664143878,27.5177233670271,11.4726324247641,42.0379026797286,22.0175383997504,17.1776732554443,15.6184362197849,7.11404530824484,21.9121730974895,11.2210523124964,12.5918365858458,19.1799256218201,42.4418381043931,36.3420531983964,45.9813395112117,32.5798532877701,35.2169869417516,70.1082634095472,8.78671092504191,35.1546754147051,8.82710589435019,26.4410032533964
"chr16:31297514|31297954",17.830703129432,49.201324396176,30.54458036807,25.8347672029737,36.3929170333571,30.0218899520855,24.4475576397683,52.2448172927936,49.318512254713,29.2246811864619,31.6814753271035,41.0676263624043,43.5054858963176,31.9965430623766,16.1168590345324,24.5119524453981,32.0850237786688,28.3168212873575,68.9891225134444,28.2735199648558,38.9528247678647,30.1348556104546,49.0835590884608,28.8913262893881,28.047748050549,36.5918962198959,33.8141532522123,46.1364564499621,18.7007886471216,40.7669975807809,24.2200017856131,45.8595301960676,15.7268131426788,26.9934865442697,28.8340360980645,35.5702265412242,32.0254837578692,32.0601494642755,22.0357140252301,42.0131704097011,24.1479423697409,22.6128331012244,19.5665274515794,18.4146996843918,28.508989429037,26.0079041680578,18.828666267947,13.0202501535945,21.5773699639671,41.695428207279
"chr21:36247517|36248568",32.5148115889643,17.0312276755994,11.3128075437296,21.7555934340832,18.1964585166786,14.0727609150401,20.5359484174054,189.264243777667,7.50499099528242,14.2376651934045,87.1240571495347,23.1005398288524,175.496705819044,164.55365003508,111.666809024974,83.5222083324675,103.89436271188,101.763576501441,12.5434768206263,20.0270766417728,58.429237151797,11.0494470571667,12.8552178565016,9.0954175355481,95.0507017268605,29.62201122563,90.1710753392329,13.7427742616908,27.6446440870494,139.626966714175,12.747369360849,83.1203984803724,7.33917946658346,76.8905374291317,10.8127635367742,10.1629218689212,12.6416383254747,38.4721793571306,7.34523800841003,7.30663833212194,13.1716049289496,6.4608094574927,100.767616375634,9.20734984219589,121.582454917952,9.04622753671577,12.5524441786313,11.718225138235,14.7118431572503,17.2883482810669
"chr1:113848540|113855049",2.09772977993318,4.73089657655539,40.7261071574267,14.9569704859322,18.1964585166786,17.8254971590508,29.337069167722,15.7720203148056,10.7214157075463,38.2168907822963,30.8014343457951,29.9451442225864,32.4447691430165,49.3660950105239,33.3849222858171,31.7747531699605,19.0982284396838,35.3960266091969,10.4528973505219,18.8490133099038,46.920448015837,26.1168748623939,36.2283412319591,17.6558105101816,31.16416450061,14.811005612815,32.6276917345909,19.6325346595583,28.4577218543155,55.0354467340542,17.8463171051886,26.7513926143727,32.5020804948696,20.4496110183861,4.80567268301075,14.2280906164897,24.4405007625844,8.01503736606887,15.7397957323072,24.6599043709115,24.879698199127,17.7672260081049,7.82661098063177,39.6624300894592,27.6704897399477,30.5310179364157,1.25524441786313,37.758725445424,16.6734222448837,19.3222716082512
"chr15:50038768|50074185",16.7818382394654,19.8697656215326,23.7568958418322,19.0361442548228,13.8639683936599,6.56728842701871,5.8674138335444,23.6580304722084,19.2985482735834,6.74415719687582,7.04032785046745,29.0895686733697,23.5961957403757,30.1681691730979,21.872880118294,25.4198025359684,14.5146536141597,25.6621192916677,13.5887665556784,20.0270766417728,12.3940806079569,7.03146630910606,19.8671548691389,10.7004912182919,25.7104357130033,13.0685343642485,16.0172304878901,22.5774148584921,13.8223220435247,24.4601985484685,10.1978954886792,24.8405788562033,9.4360878856073,8.17984440735444,21.6255270735484,6.09775312135272,9.27053477201478,11.2210523124964,5.24659857743573,20.0932554133353,7.31755829386087,17.7672260081049,6.8482846080528,12.0403805628716,11.7389956472505,33.9233532626841,16.3181774322207,9.11417510751614,12.7502640696169,13.2205016266982
"chr16:87975048|87984259",5.24432444983294,7.56943452248862,16.9692113155944,10.8777967170416,5.19898814762245,2.81455218300802,24.4475576397683,24.6437817418838,18.2264067028287,14.2376651934045,24.6411474766361,23.9561153780692,16.2223845715083,19.197925837426,19.5704716847893,15.4334515396951,23.6818032652079,20.3527153002882,21.951084436096,12.9586966505589,38.0675332958678,9.04045668313637,12.8552178565016,21.4009824365838,18.698498700366,19.1671837342312,16.6104612467008,19.6325346595583,13.0092442762585,23.441023608949,6.37368468042449,15.2865100653559,16.7752673521908,15.5417043739734,7.20850902451612,16.2606749902739,7.58498299528482,19.2360896785653,10.4931971548715,7.30663833212194,13.1716049289496,20.9976307368513,20.5448538241584,17.7064420042229,18.4469931599651,12.4385628629842,7.53146650717878,7.81215009215669,9.80789543816688,13.2205016266982
"chr8:132727798|132757294",28.3193520290979,13.2465104143551,12.4440882981026,20.395868844453,12.1309723444524,22.5164174640641,6.84531613913513,15.7720203148056,16.0821235613195,19.4831207909746,21.1209835514024,13.6892087874681,22.8588146234889,21.940486671344,8.0584295172662,19.0648519019763,23.6818032652079,12.3886093132189,44.9474586072441,28.2735199648558,0.885291471996924,19.0854085532879,24.5417795442304,23.0060561193275,12.465665800244,13.9397699885318,20.763076558376,27.4855485233817,13.0092442762585,16.3067990323124,7.64842161650939,10.5094756699321,10.4845420951192,26.9934865442697,20.4241089027957,20.3258437378424,15.1699659905696,0,13.6411563013329,7.30663833212194,16.0986282464939,16.1520236437317,6.8482846080528,6.37431912152023,15.9314940926972,13.5693413050736,11.2971997607682,24.7384752918295,12.7502640696169,13.2205016266982
"chr6:53071057|53076543",25.1727573591981,51.0936830267982,58.826599227394,67.9862294815099,47.6573913532058,35.6509943181016,42.0497991404015,59.1450761805211,37.5249549764121,59.1987131725767,40.4818851401879,47.0566552069216,61.9400138184861,71.3065816818679,66.7698445716342,36.314003622812,42.7800317048918,59.2883445704048,64.8079635732357,64.7934832527945,65.5115689277724,45.2022834156818,26.8790918817761,35.8466455812778,28.8268521630643,50.5316662084276,43.899076151995,55.9527237797412,40.6538883633079,37.7094727622223,22.9452648495282,29.617613251627,37.7443515424292,36.809299833095,39.6467996348387,39.6353952887927,65.7365192924684,35.266164410703,25.1836731716915,37.4465214521249,33.66076815176,49.2636721133818,33.263096667685,38.9541724092903,36.8939863199303,42.9695807993999,38.912576953757,39.0607504607835,27.4621072268673,56.9498531611616
"chr12:66203711|66217235",15.7329733494988,32.1700967205766,23.7568958418322,29.9139409718643,11.2644743198486,15.0109449760428,12.7127299726795,45.3445584050662,30.0199639811297,29.2246811864619,12.320573738318,21.3893887304189,39.8185803118839,66.7356469586712,19.5704716847893,15.4334515396951,18.3342993020965,28.3168212873575,11.4981870855741,17.6709499780349,29.2146185758985,19.0854085532879,22.2044672066846,4.81522104823135,15.582082250305,16.5534768613815,22.5427688348082,9.81626732977916,21.9530997161863,27.5177233670271,16.5715801691037,7.64325503267793,17.8237215617027,13.9057354925025,21.6255270735484,9.14662968202908,23.5977248742194,20.8390971517791,12.5918365858458,24.6599043709115,33.66076815176,12.9216189149854,13.6965692161056,9.20734984219589,14.2544947145185,18.0924550734315,25.1048883572626,23.4364502764701,20.5965804201504,24.4070799262121
"chr4:128936655|128959777",7.34205422976612,7.56943452248862,9.0502460349837,6.79862294815099,9.53147827064115,5.62910436601604,9.77902305590733,16.757771584481,6.43284942452779,5.99480639722295,8.80040981308432,6.84460439373404,11.7980978701878,19.197925837426,12.6632463842755,5.44710054342179,9.16714965104823,14.1584106436788,7.31702814536532,2.35612666373798,21.2469953279262,6.02697112209091,7.01193701263725,9.63044209646269,10.9074575752135,14.811005612815,8.89846138216114,13.7427742616908,13.0092442762585,8.15339951615618,3.82421080825469,2.86622063725422,7.33917946658346,5.72589108514811,8.40992719526881,9.14662968202908,6.74220710691984,3.20601494642755,6.29591829292288,5.47997874909145,5.8540466350887,17.7672260081049,7.82661098063177,3.54128840084457,5.03099813453594,5.65389221044735,10.041955342905,3.90607504607835,6.86552680671682,10.1696166359217
"chr15:90439332|90443478",32.5148115889643,37.8471726124431,35.0697033855618,20.395868844453,21.6624506150935,28.1455218300802,25.4254599453591,48.3018122140922,43.9578044009399,32.2220843850734,36.0816802336457,29.9451442225864,42.7681047794309,63.9930861247532,27.6289012020555,40.8532540756635,35.9046694666056,25.6621192916677,53.3097764876616,21.2051399736418,37.1822418238708,25.1123796753788,36.2283412319591,38.5217683858508,35.8387891757015,36.5918962198959,7.11876910572892,42.2099495180504,29.2707996215817,30.5752481855857,22.9452648495282,32.4838338888812,34.5989889138934,37.6272842738304,38.445381464086,7.11404530824484,10.1133106603798,35.266164410703,30.4302717491273,33.793202286064,8.04931412324696,28.2660413765306,29.3497911773691,7.08257680168915,31.024488496305,33.9233532626841,30.1258660287151,24.7384752918295,27.4621072268673,44.7463131980555
"chr12:57946995|57953689",16.7818382394654,9.46179315311077,10.1815267893567,12.2375213066718,9.53147827064115,6.56728842701871,20.5359484174054,13.8005177754549,19.2985482735834,17.235068392016,11.4405327570096,11.9780576890346,14.7476223377348,21.0262997267046,10.3608379507708,4.53925045285149,13.7507244765724,3.53960266091969,12.5434768206263,4.71225332747596,8.85291471996925,10.0449518701515,15.1925301940474,9.63044209646269,11.6865616877288,16.5534768613815,10.0849228997826,3.92650693191166,6.50462213812926,11.2109243347148,14.0221062969339,6.68784815359319,6.29072525707153,3.27193776294178,10.8127635367742,8.13033749513696,11.7988624371097,6.41202989285509,2.09863943097429,10.0466277066677,12.4398490995635,18.5748271902915,4.89163186289486,4.9578037611824,7.54649720180392,4.52311376835788,12.5524441786313,6.51012507679724,6.86552680671682,9.15265497232954
"chr12:66209456|66217235",11.5375137896325,16.0850483602883,18.1004920699674,14.9569704859322,3.46599209841496,6.56728842701871,22.4917530285869,8.87176142707816,6.43284942452779,9.7415603954873,4.40020490654216,1.71115109843351,7.37381116886739,28.3397952838193,17.2680632512847,10.8942010868436,13.7507244765724,3.53960266091969,13.5887665556784,3.53418999560697,2.65587441599077,8.03596149612121,14.0238740252745,7.49034385280432,3.89552056257625,2.6137068728497,5.33907682929669,1.96325346595583,8.94385543992774,14.2684491532733,1.2747369360849,1.91081375816948,8.38763367609538,3.27193776294178,6.00709085376343,3.04887656067636,5.05665533018988,4.80902241964132,2.09863943097429,5.47997874909145,13.9033607583357,6.4608094574927,8.80493735321074,2.83303072067566,3.3539987563573,19.223233515521,5.02097767145252,10.4162001228756,2.94236863145006,19.3222716082512
"chr1:13731000|13749487",18.8795680193986,18.9235863062215,26.0194573505781,27.1944917926039,19.0629565412823,15.0109449760428,10.7569253614981,21.6865279328577,22.5149729858473,12.7389635940988,17.6008196261686,23.1005398288524,25.0709579741491,24.6830475052619,19.5704716847893,14.5256014491248,22.9178741276206,23.8923179612079,18.8152152309394,16.4928866461659,15.0499550239477,17.0764181792576,22.2044672066846,21.9360069974984,13.2447699127593,8.71235624283235,12.4578459350256,15.7060277276467,30.896955156114,17.3259739718319,21.6705279134433,18.1527307026101,6.29072525707153,17.1776732554443,10.8127635367742,25.407304672303,17.6982936556646,14.427067258924,12.5918365858458,17.3532660387896,9.51282578201913,12.1140177327988,6.8482846080528,14.8734112835472,14.2544947145185,9.04622753671577,16.3181774322207,14.3222751689539,12.7502640696169,18.3053099446591
"chr12:123498544|123499536",13.6352435695657,6.62325520717754,10.1815267893567,31.2736655614945,10.3979762952449,13.1345768540374,8.8011207503166,10.8432639664289,20.370689844338,19.4831207909746,10.5604917757012,10.2669065906011,16.959765688395,12.7986172249506,11.5120421675231,12.7099012679842,15.2785827517471,13.2735099784488,9.40760761546969,14.1367599824279,20.3617038559293,8.03596149612121,11.6865616877288,19.79590875384,12.465665800244,17.4247124856647,13.6443074526471,19.6325346595583,13.0092442762585,12.2300992742343,10.1978954886792,12.4202894281016,4.19381683804769,8.17984440735444,8.40992719526881,3.04887656067636,5.05665533018988,8.01503736606887,5.24659857743573,17.3532660387896,16.83038407588,14.5368212793586,7.82661098063177,10.6238652025337,20.1239925381438,12.4385628629842,15.0629330143576,6.51012507679724,5.88473726290013,12.203539963106
"chr10:104008177|104018908",26.2216222491647,21.7621242521548,14.7066498068485,16.3166950755624,20.7959525904898,13.1345768540374,14.668534583861,27.6010355509098,37.5249549764121,29.2246811864619,17.6008196261686,9.41133104138431,16.2223845715083,30.1681691730979,18.419267468037,24.5119524453981,18.3342993020965,28.3168212873575,12.5434768206263,14.1367599824279,28.3293271039016,25.1123796753788,22.2044672066846,16.5857613883524,21.0358110379118,13.9397699885318,16.0172304878901,15.7060277276467,24.3923330179847,16.3067990323124,11.4726324247641,12.4202894281016,16.7752673521908,18.8136421369152,14.4170180490322,10.1629218689212,23.5977248742194,27.2511270446341,6.29591829292288,13.6999468727286,22.6844307109687,15.3444224615452,22.5015065693163,2.83303072067566,1.67699937817865,19.223233515521,15.0629330143576,22.1344252611106,24.5197385954172,18.3053099446591
"chr11:47358844|47375732",2.09772977993318,13.2465104143551,15.8379305612215,19.0361442548228,6.93198419682993,7.50547248802138,4.88951152795366,8.87176142707816,3.21642471226389,5.99480639722295,6.16028686915902,8.55575549216755,15.4850034546215,9.14186944639332,16.1168590345324,3.6314003622812,14.5146536141597,15.9282119741386,10.4528973505219,12.9586966505589,13.2793720799539,5.02247593507576,12.8552178565016,4.81522104823135,5.45372878760675,6.09864936998264,10.6781536585934,10.7978940627571,3.25231106906463,17.3259739718319,5.09894774433959,3.82162751633896,2.09690841902384,4.08992220367722,8.40992719526881,5.0814609344606,9.27053477201478,1.60300747321377,5.24659857743573,9.13329791515242,7.31755829386087,5.65320827530611,12.7182428435266,3.54128840084457,9.22349657998257,5.65389221044735,7.53146650717878,14.3222751689539,2.94236863145006,10.1696166359217
"chr15:63529014|63537156",8.39091911973271,7.56943452248862,15.8379305612215,9.51807212741138,6.93198419682993,15.0109449760428,8.8011207503166,8.87176142707816,6.43284942452779,16.4857175923631,1.76008196261686,20.5338131812021,13.2728601039613,10.970243335672,19.5704716847893,15.4334515396951,5.34750396311147,18.5829139698284,19.8605049659916,14.1367599824279,7.0823317759754,11.0494470571667,8.18059318141013,8.5603929746335,16.3611863628203,8.71235624283235,8.3052306233504,12.7611475287129,13.0092442762585,19.3643238508709,11.4726324247641,5.73244127450844,4.19381683804769,14.723719933238,9.61134536602149,7.11404530824484,8.4277588836498,4.80902241964132,14.6904760168201,10.9599574981829,7.31755829386087,13.729220097172,6.8482846080528,10.6238652025337,6.70799751271459,5.65389221044735,12.5524441786313,7.81215009215669,1.96157908763338,5.08480831796085
"chr1:231795242|231818517",18.8795680193986,34.0624553511988,13.5753690524755,19.0361442548228,20.7959525904898,13.1345768540374,21.5138507229961,5.91450761805211,24.6592561273565,12.7389635940988,10.5604917757012,16.2559354351184,26.5457202079226,18.2837388927866,24.1752885517986,22.6962522642575,28.2653780907321,17.6980133045984,25.0869536412525,15.3148233142969,15.0499550239477,10.0449518701515,12.8552178565016,18.7258596320108,8.57014523766775,19.1671837342312,18.390153523133,15.7060277276467,18.7007886471216,8.15339951615618,11.4726324247641,10.5094756699321,19.9206299807265,10.6337977295608,10.8127635367742,12.1955062427054,18.5410695440296,14.427067258924,13.6411563013329,9.13329791515242,18.2938957346522,12.1140177327988,8.80493735321074,23.3725034455742,11.7389956472505,14.7001197471631,12.5524441786313,9.11417510751614,14.7118431572503,17.2883482810669
"chr6:149771162|149773169",6.29318933979953,11.3541517837329,20.3630535787133,13.597245896302,10.3979762952449,10.3200246710294,23.4696553341776,25.6295330115591,32.1642471226389,14.9870159930574,14.9606966822433,14.5447843366848,16.2223845715083,39.3100386194913,21.872880118294,25.4198025359684,19.0982284396838,11.503708647989,15.6793460257828,12.9586966505589,15.9352464959446,12.0539422441818,17.5298425315931,14.9806877056086,21.0358110379118,10.4548274913988,20.1698457995653,14.7244009946687,11.3830887417262,28.5368983065466,8.92315855259429,13.3756963071864,7.33917946658346,10.6337977295608,10.8127635367742,3.04887656067636,21.0693972091245,25.6481195714204,14.6904760168201,22.833244787881,22.6844307109687,27.458440194344,15.6532219612635,8.49909216202698,13.4159950254292,15.8308981892526,10.041955342905,5.20810006143779,4.90394771908344,16.2713866174747
"chr1:231537213|231542611",11.5375137896325,6.62325520717754,11.3128075437296,9.51807212741138,6.93198419682993,13.1345768540374,11.7348276670888,11.8290152361042,13.9378404198102,14.2376651934045,7.92036883177589,8.55575549216755,14.010241220848,14.6269911142293,8.0584295172662,9.07850090570299,9.16714965104823,7.07920532183938,7.31702814536532,16.4928866461659,8.85291471996925,15.0674278052273,12.8552178565016,5.35024560914594,5.45372878760675,12.1972987399653,15.4239997290793,9.81626732977916,12.1961665089924,7.13422457663666,5.09894774433959,3.82162751633896,13.629904723655,4.08992220367722,12.0141817075269,9.14662968202908,10.9560865487447,3.20601494642755,8.39455772389717,10.9599574981829,5.8540466350887,7.26841063967929,5.86995823547383,5.66606144135132,9.22349657998257,5.65389221044735,7.53146650717878,11.718225138235,8.82710589435019,7.1187316451452
"chr1:235830226|235833667",12.5863786795991,28.3853794593323,20.3630535787133,19.0361442548228,24.2619446889047,19.7018652810561,22.4917530285869,27.6010355509098,16.0821235613195,23.9792255888918,22.0010245327108,20.5338131812021,19.909290155942,32.9107300070159,27.6289012020555,32.6826032605308,25.97359067797,19.4678146350583,16.724635760835,22.3832033055108,14.1646635519508,21.0943989273182,17.5298425315931,23.5410806802421,14.8029781377898,16.5534768613815,20.1698457995653,22.5774148584921,22.7661774834524,31.5944231251052,14.0221062969339,21.0189513398643,9.4360878856073,14.723719933238,13.2155998782796,15.2443828033818,21.0693972091245,16.0300747321377,18.8877548787686,25.5732341624268,23.4161865403548,29.0736425587172,17.6098747064215,12.0403805628716,20.1239925381438,14.7001197471631,12.5524441786313,11.718225138235,10.7886849819836,22.3731565990278
"chr1:224365879|224371423",7.34205422976612,12.300331099044,9.0502460349837,21.7555934340832,12.1309723444524,5.62910436601604,17.6022415006332,42.3873045960401,31.0921055518843,8.99220959583443,15.8407376635518,9.41133104138431,8.11119228575413,8.22768250175398,11.5120421675231,12.7099012679842,11.4589370638103,9.73390731752914,16.724635760835,11.7806333186899,15.0499550239477,15.0674278052273,9.349249350183,6.95531929188972,8.57014523766775,16.5534768613815,10.6781536585934,15.7060277276467,11.3830887417262,24.4601985484685,6.37368468042449,11.4648825490169,4.19381683804769,14.723719933238,7.20850902451612,11.1792140558133,17.6982936556646,4.80902241964132,12.5918365858458,19.1799256218201,8.78106995263305,12.1140177327988,11.7399164709477,7.79083448185806,10.9004959581612,9.04622753671577,6.27622208931565,13.0202501535945,5.88473726290013,11.1865782995139
"chr2:175970764|175995646",16.7818382394654,9.46179315311077,24.8881765962052,25.8347672029737,10.3979762952449,8.44365654902405,25.4254599453591,15.7720203148056,30.0199639811297,22.4805239895861,12.320573738318,16.2559354351184,18.4345279221685,35.6532908409339,11.5120421675231,8.17065081513269,11.4589370638103,17.6980133045984,13.5887665556784,5.89031665934495,13.2793720799539,26.1168748623939,23.3731233754575,4.81522104823135,18.698498700366,13.9397699885318,23.7292303524297,6.87138713084541,19.5138664143878,33.6327730041442,20.3957909773584,15.2865100653559,14.6783589331669,8.17984440735444,15.6184362197849,4.06516874756848,19.3838454323945,11.2210523124964,10.4931971548715,20.0932554133353,12.4398490995635,8.07601182186587,8.80493735321074,4.9578037611824,12.5774953363399,19.223233515521,31.3811104465783,14.3222751689539,16.6734222448837,13.2205016266982
"chr11:47358844|47375729",10.4886488996659,24.600662198088,32.8071418768159,36.7125639200153,10.3979762952449,11.2582087320321,19.5580461118147,27.6010355509098,20.370689844338,17.235068392016,9.68045079439275,29.0895686733697,21.3840523897154,15.5411780588686,24.1752885517986,10.8942010868436,19.0982284396838,19.4678146350583,37.6304304618788,18.8490133099038,15.9352464959446,14.0629326182121,31.5537165568676,14.445663144694,21.814915150427,24.3945974799306,24.3224611112405,28.4671752563596,30.0838773888478,36.6902978227028,17.8463171051886,21.0189513398643,23.0659926092623,14.723719933238,10.8127635367742,20.3258437378424,21.9121730974895,12.8240597857102,9.44387743938432,17.3532660387896,13.1716049289496,22.6128331012244,15.6532219612635,14.8734112835472,15.0929944036078,15.8308981892526,17.5734218500838,26.040500307189,11.7694745258003,21.3561949354356
"chr17:48112031|48113401",11.5375137896325,16.0850483602883,14.7066498068485,14.9569704859322,15.5969644428673,20.6400493420588,19.5580461118147,13.8005177754549,7.50499099528242,12.7389635940988,12.320573738318,14.5447843366848,16.2223845715083,14.6269911142293,11.5120421675231,18.157001811406,22.1539449900332,11.503708647989,17.7699254958872,24.7393299692488,14.1646635519508,19.0854085532879,15.1925301940474,9.0954175355481,9.349249350183,18.2959481099479,7.71199986453966,20.6141613925362,11.3830887417262,17.3259739718319,14.0221062969339,9.55406879084741,8.38763367609538,21.2675954591215,18.0212725612903,6.09775312135272,5.05665533018988,6.41202989285509,0,17.3532660387896,13.1716049289496,12.1140177327988,10.7615900983687,12.0403805628716,11.7389956472505,20.3540119576105,8.78671092504191,10.4162001228756,4.90394771908344,14.2374632902904
"chr2:101281859|101295181",11.5375137896325,21.7621242521548,21.4943343330863,13.597245896302,18.1964585166786,12.1963927930347,13.6906322782703,33.5155431689619,15.0099819905648,21.7311731899332,14.0806557009349,16.2559354351184,26.5457202079226,19.197925837426,20.7216759015417,16.3413016302654,13.7507244765724,4.42450332614961,29.2681125814613,10.6025699868209,20.3617038559293,19.0854085532879,12.8552178565016,19.79590875384,17.9193945878508,29.62201122563,16.0172304878901,22.5774148584921,21.1400219489201,19.3643238508709,10.1978954886792,7.64325503267793,12.5814505141431,13.0877510517671,15.6184362197849,20.3258437378424,22.7549489858545,6.41202989285509,10.4931971548715,24.6599043709115,13.1716049289496,17.7672260081049,18.5882010790005,16.998184324054,11.7389956472505,16.9616766313421,12.5524441786313,10.4162001228756,15.692632701067,12.203539963106
"chr1:95143891|95173889",6.29318933979953,2.83853794593323,22.6256150874593,6.79862294815099,6.93198419682993,13.1345768540374,4.88951152795366,29.5725380902605,13.9378404198102,8.99220959583443,8.80040981308432,8.55575549216755,19.1719090390552,16.455365003508,9.20963373401851,11.8020511774139,3.81964568793676,8.84900665229922,2.09057947010438,5.89031665934495,15.9352464959446,5.02247593507576,8.18059318141013,12.8405894619503,7.7910411251525,11.3260631156821,4.1526153116752,16.6876544606246,4.06538883633079,2.03834987903905,14.0221062969339,8.59866191176267,12.5814505141431,8.99782884808988,6.00709085376343,7.11404530824484,4.2138794418249,8.01503736606887,6.29591829292288,8.21996812363718,5.12229080570261,10.4988153684256,1.95665274515794,9.20734984219589,4.19249844544662,5.65389221044735,3.76573325358939,7.81215009215669,15.692632701067,6.10176998155302
"chr7:17890363|17897446",6.29318933979953,9.46179315311077,9.0502460349837,6.79862294815099,7.79848222143367,5.62910436601604,11.7348276670888,13.8005177754549,9.64927413679168,16.4857175923631,13.2006147196265,10.2669065906011,5.16166781820717,17.3695519481473,13.8144506010278,6.35495063399209,8.40322051346088,6.19430465660946,18.8152152309394,10.6025699868209,15.9352464959446,10.0449518701515,12.8552178565016,6.42029473097513,7.7910411251525,6.09864936998264,13.0510766938363,4.90813366488958,4.87846660359695,13.2492742137538,7.64842161650939,5.73244127450844,5.24227104755961,6.54387552588355,6.00709085376343,3.04887656067636,16.8555177672996,1.60300747321377,4.19727886194859,10.9599574981829,8.04931412324696,10.4988153684256,5.86995823547383,3.54128840084457,13.4159950254292,7.91544909462629,8.78671092504191,5.20810006143779,4.90394771908344,9.15265497232954
"chr7:37857274|37877007",13.6352435695657,15.1388690449772,22.6256150874593,10.8777967170416,11.2644743198486,5.62910436601604,16.6243391950425,0,31.0921055518843,16.4857175923631,4.40020490654216,6.84460439373404,22.8588146234889,18.2837388927866,16.1168590345324,11.8020511774139,10.6950079262229,7.07920532183938,11.4981870855741,15.3148233142969,14.1646635519508,18.0809133662727,16.3611863628203,12.8405894619503,13.2447699127593,15.6822412370982,10.6781536585934,18.6509079265804,10.5700109744601,11.2109243347148,14.0221062969339,10.5094756699321,9.4360878856073,5.72589108514811,6.00709085376343,3.04887656067636,15.1699659905696,4.80902241964132,12.5918365858458,16.4399362472744,7.31755829386087,16.1520236437317,5.86995823547383,9.20734984219589,15.0929944036078,14.7001197471631,12.5524441786313,10.4162001228756,10.7886849819836,10.1696166359217
"chr1:20969474|20981227",6.29318933979953,7.56943452248862,15.8379305612215,5.43889835852079,11.2644743198486,7.50547248802138,9.77902305590733,21.6865279328577,10.7214157075463,10.4909111951402,7.92036883177589,4.27787774608378,11.0607167533011,7.31349555711465,8.0584295172662,11.8020511774139,4.58357482552412,9.73390731752914,16.724635760835,8.24644332308293,9.73820619196617,8.03596149612121,14.0238740252745,9.0954175355481,3.89552056257625,6.09864936998264,6.52553834691817,7.85301386382333,4.87846660359695,8.15339951615618,5.09894774433959,5.73244127450844,7.33917946658346,3.27193776294178,4.80567268301075,6.09775312135272,8.4277588836498,4.80902241964132,9.44387743938432,14.6132766642439,2.19526748815826,6.4608094574927,4.89163186289486,2.83303072067566,8.38499689089324,0,11.2971997607682,6.51012507679724,8.82710589435019,13.2205016266982
"chr1:225412454|225415332",6.29318933979953,13.2465104143551,6.78768452623777,6.79862294815099,6.93198419682993,7.50547248802138,7.82321844472586,23.6580304722084,13.9378404198102,11.9896127944459,7.04032785046745,3.42230219686702,8.84857340264087,13.71280416959,12.6632463842755,21.7884021736872,9.16714965104823,13.2735099784488,11.4981870855741,4.71225332747596,12.3940806079569,16.0719229922424,18.698498700366,4.81522104823135,8.57014523766775,13.0685343642485,7.11876910572892,8.83464059680125,4.87846660359695,12.2300992742343,5.09894774433959,12.4202894281016,6.29072525707153,3.27193776294178,19.222690732043,11.1792140558133,8.4277588836498,9.61804483928264,6.29591829292288,10.0466277066677,2.92702331754435,7.26841063967929,3.91330549031589,0,5.86949782362527,5.65389221044735,7.53146650717878,16.9263251996728,0,21.3561949354356
"chr1:10403071|10404279",5.24432444983294,11.3541517837329,7.91896528061074,4.07917376889059,4.3324901230187,0,14.668534583861,17.7435228541563,11.7935572783009,12.7389635940988,10.5604917757012,7.7001799429508,14.010241220848,2.74256083391799,13.8144506010278,11.8020511774139,13.7507244765724,8.84900665229922,2.09057947010438,10.6025699868209,9.73820619196617,7.03146630910606,10.5179055189559,7.49034385280432,6.232832900122,9.58359186711558,11.8646151762149,9.81626732977916,10.5700109744601,14.2684491532733,5.09894774433959,9.55406879084741,0,6.54387552588355,3.60425451225806,7.11404530824484,5.89943121855486,16.0300747321377,5.24659857743573,7.30663833212194,6.58580246447478,5.65320827530611,14.6748955886846,3.54128840084457,10.0619962690719,0,6.27622208931565,5.20810006143779,5.88473726290013,19.3222716082512
"chr10:103091564|103094455",10.4886488996659,6.62325520717754,14.7066498068485,0,2.59949407381122,1.87636812200534,6.84531613913513,16.757771584481,7.50499099528242,11.240261994793,9.68045079439275,5.98902884451729,5.16166781820717,9.14186944639332,9.20963373401851,14.5256014491248,7.63929137587353,5.30940399137953,14.6340562907306,2.35612666373798,11.50878913596,20.089903740303,15.1925301940474,7.49034385280432,8.57014523766775,9.58359186711558,4.1526153116752,15.7060277276467,6.50462213812926,19.3643238508709,5.09894774433959,6.68784815359319,0,1.63596888147089,4.80567268301075,8.13033749513696,12.6416383254747,0,12.5918365858458,10.9599574981829,3.65877914693044,7.26841063967929,8.80493735321074,5.66606144135132,8.38499689089324,9.04622753671577,16.3181774322207,9.11417510751614,5.88473726290013,3.05088499077651
"chrX:107088436|107088839",7.34205422976612,4.73089657655539,16.9692113155944,12.2375213066718,7.79848222143367,12.1963927930347,11.7348276670888,7.88601015740281,12.8656988490556,5.99480639722295,8.80040981308432,9.41133104138431,15.4850034546215,9.14186944639332,5.75602108376157,6.35495063399209,10.6950079262229,9.73390731752914,15.6793460257828,8.24644332308293,17.7058294399385,12.0539422441818,14.0238740252745,10.7004912182919,5.45372878760675,11.3260631156821,8.89846138216114,6.87138713084541,13.8223220435247,9.1725744556757,3.82421080825469,10.5094756699321,13.629904723655,10.6337977295608,10.8127635367742,10.1629218689212,10.1133106603798,9.61804483928264,11.5425168703586,3.65331916606097,9.51282578201913,0.807601182186587,5.86995823547383,7.79083448185806,7.54649720180392,9.04622753671577,0,7.81215009215669,12.7502640696169,4.06784665436868
"chr8:55941855|55953984",8.39091911973271,8.51561383779969,5.65640377186481,19.0361442548228,12.1309723444524,10.3200246710294,12.7127299726795,4.92875634837676,8.57713256603705,8.24285879618156,15.8407376635518,8.55575549216755,11.0607167533011,25.5972344499013,17.2680632512847,8.17065081513269,9.93107878863559,6.19430465660946,5.22644867526094,11.7806333186899,11.50878913596,7.03146630910606,0,12.8405894619503,5.45372878760675,11.3260631156821,11.2713844174041,1.96325346595583,10.5700109744601,9.1725744556757,0,7.64325503267793,4.19381683804769,4.90790664441266,8.40992719526881,9.14662968202908,5.89943121855486,9.61804483928264,0,9.13329791515242,7.31755829386087,6.4608094574927,6.8482846080528,7.79083448185806,14.2544947145185,9.04622753671577,12.5524441786313,15.6243001843134,9.80789543816688,8.13569330873737
"chr10:92893349|92899644",9.4397840096993,7.56943452248862,6.78768452623777,16.3166950755624,3.46599209841496,11.2582087320321,10.7569253614981,15.7720203148056,0,8.24285879618156,8.80040981308432,11.1224821398178,20.6466712728287,6.39930861247532,12.6632463842755,14.5256014491248,12.986795338985,10.6188079827591,22.9963741711481,20.0270766417728,9.73820619196617,12.0539422441818,8.18059318141013,5.88527017006053,9.349249350183,6.96988499426588,12.4578459350256,12.7611475287129,8.13077767266158,9.1725744556757,3.82421080825469,6.68784815359319,7.33917946658346,11.4517821702962,7.20850902451612,11.1792140558133,11.7988624371097,1.60300747321377,7.34523800841003,5.47997874909145,8.04931412324696,4.03800591093294,4.89163186289486,8.49909216202698,10.9004959581612,4.52311376835788,17.5734218500838,16.9263251996728,13.7310536134336,3.05088499077651
"chr6:138943513|138944622",33.5636764789308,24.600662198088,20.3630535787133,31.2736655614945,2.59949407381122,40.3419146231149,36.1823853068571,22.6722792025331,28.947822410375,9.7415603954873,44.0020490654216,5.98902884451729,4.42428670132044,25.5972344499013,3.45361265025694,41.7611041662337,5.34750396311147,33.626225278737,32.4039817866178,20.0270766417728,32.7557844638862,16.0719229922424,38.5656535695049,5.35024560914594,33.5014768381558,53.1453730812773,2.37292303524297,44.1732029840062,4.06538883633079,34.6519479436638,53.5389513155657,4.7770343954237,3.14536262853577,4.90790664441266,18.0212725612903,6.09775312135272,1.68555177672996,36.8691718839168,32.5289111801015,7.30663833212194,35.8560356399183,0.807601182186587,30.3281175499481,3.54128840084457,25.993490361769,4.52311376835788,1.25524441786313,36.4567004300646,2.94236863145006,15.2544249538826
"chr6:130175841|130184623",26.2216222491647,9.46179315311077,3.39384226311889,5.43889835852079,6.93198419682993,9.38184061002672,2.9337069167722,1.9715025393507,0,9.7415603954873,15.8407376635518,5.98902884451729,5.16166781820717,3.65674777855733,3.45361265025694,8.17065081513269,6.11143310069882,5.30940399137953,4.18115894020875,4.71225332747596,1.77058294399385,13.058437431197,10.5179055189559,10.7004912182919,14.0238740252745,3.48494249713294,15.4239997290793,8.83464059680125,7.31769990539542,4.07669975807809,19.1210540412735,14.3311031862711,26.2113552377981,32.7193776294178,6.00709085376343,32.5213499805478,8.4277588836498,11.2210523124964,24.1343534562044,6.39330854060669,12.4398490995635,6.4608094574927,10.7615900983687,7.79083448185806,4.19249844544662,5.65389221044735,17.5734218500838,15.6243001843134,10.7886849819836,7.1187316451452
"chr22:21799012|21807846",11.5375137896325,12.300331099044,5.65640377186481,12.2375213066718,6.93198419682993,5.62910436601604,14.668534583861,9.85751269675351,16.0821235613195,10.4909111951402,5.28024588785059,8.55575549216755,11.0607167533011,12.7986172249506,11.5120421675231,9.98635099627329,7.63929137587353,7.9641059870693,8.36231788041751,12.9586966505589,8.85291471996925,13.058437431197,12.8552178565016,9.0954175355481,12.465665800244,10.4548274913988,3.55938455286446,4.90813366488958,11.3830887417262,6.11504963711714,6.37368468042449,8.59866191176267,3.14536262853577,8.99782884808988,2.40283634150537,6.09775312135272,8.4277588836498,9.61804483928264,7.34523800841003,6.39330854060669,2.19526748815826,12.1140177327988,5.86995823547383,5.66606144135132,5.86949782362527,13.5693413050736,7.53146650717878,10.4162001228756,3.92315817526675,15.2544249538826
"chr15:68141946|68146700",10.4886488996659,3.78471726124431,7.91896528061074,1.3597245896302,9.53147827064115,6.56728842701871,11.7348276670888,7.88601015740281,6.43284942452779,11.9896127944459,8.80040981308432,4.27787774608378,11.7980978701878,16.455365003508,3.45361265025694,6.35495063399209,14.5146536141597,11.503708647989,22.9963741711481,8.24644332308293,4.42645735998462,18.0809133662727,9.349249350183,12.8405894619503,4.6746246750915,16.5534768613815,10.6781536585934,13.7427742616908,1.62615553453232,7.13422457663666,7.64842161650939,5.73244127450844,9.4360878856073,9.81581328882533,10.8127635367742,8.13033749513696,5.89943121855486,17.6330822053515,7.34523800841003,3.65331916606097,4.39053497631652,12.9216189149854,9.78326372578971,9.20734984219589,7.54649720180392,9.04622753671577,0,5.20810006143779,3.92315817526675,6.10176998155302
"chr19:18537601|18538433",12.5863786795991,13.2465104143551,15.8379305612215,10.8777967170416,9.53147827064115,8.44365654902405,9.77902305590733,7.88601015740281,11.7935572783009,9.7415603954873,8.80040981308432,11.1224821398178,11.7980978701878,7.31349555711465,13.8144506010278,7.26280072456239,7.63929137587353,10.6188079827591,13.5887665556784,10.6025699868209,5.31174883198155,8.03596149612121,9.349249350183,14.445663144694,3.89552056257625,8.71235624283235,11.2713844174041,12.7611475287129,4.06538883633079,11.2109243347148,5.09894774433959,8.59866191176267,13.629904723655,4.90790664441266,10.8127635367742,10.1629218689212,3.37110355345992,4.80902241964132,10.4931971548715,9.13329791515242,12.4398490995635,7.26841063967929,6.8482846080528,9.20734984219589,5.86949782362527,7.91544909462629,7.53146650717878,13.0202501535945,8.82710589435019,2.03392332718434
"chrX:53403566|53403893",5.24432444983294,35.0086346665099,6.78768452623777,5.43889835852079,19.929454565886,4.69092030501336,15.6464368894517,42.3873045960401,2.14428314150926,38.2168907822963,30.8014343457951,2.56672664765027,28.0204824416961,42.0525994534092,42.5945560198356,3.6314003622812,2.29178741276206,3.53960266091969,38.675720196931,35.3418999560697,29.2146185758985,37.1663219195606,16.3611863628203,3.21014736548756,4.6746246750915,2.6137068728497,3.55938455286446,44.1732029840062,4.87846660359695,23.441023608949,3.82421080825469,3.82162751633896,2.09690841902384,1.63596888147089,1.20141817075269,5.0814609344606,2.52832766509494,33.6631569374892,24.1343534562044,3.65331916606097,2.92702331754435,7.26841063967929,5.86995823547383,0.708257680168915,5.03099813453594,3.39233532626841,36.4020881180308,27.3425253225484,45.1163190155676,27.4579649169886
"chr1:20757166|20773610",27.2704871391313,34.0624553511988,35.0697033855618,14.9569704859322,9.53147827064115,33.7746261960962,42.0497991404015,14.7862690451303,49.318512254713,26.9766287875033,9.68045079439275,39.3564752639708,5.16166781820717,40.2242255641306,6.90722530051388,31.7747531699605,25.97359067797,4.42450332614961,43.9021688721919,37.6980266198077,31.8704929918893,24.1078844883636,11.6865616877288,3.21014736548756,34.280580950671,13.9397699885318,35.5938455286446,33.3753089212492,27.6446440870494,30.5752481855857,22.9452648495282,8.59866191176267,9.4360878856073,31.0834087479469,20.4241089027957,27.4398890460872,21.0693972091245,51.2962391428408,24.1343534562044,29.2265533284877,22.6844307109687,30.6888449230903,3.91330549031589,18.4146996843918,4.19249844544662,10.1770059788052,21.3391551036732,18.2283502150323,1.96157908763338,38.6445432165025
"chr2:31917926|31932135",29.3682169190645,25.5468415133991,39.5948264030537,73.4251278400306,54.5893755500357,29.0837058910828,0,69.98834014695,86.8434672311251,41.9636447805607,37.8417621962626,52.1901085022221,51.6166781820717,26.5114213945406,34.5361265025694,35.4061535322417,35.9046694666056,39.8205299353465,25.0869536412525,49.4786599384976,51.3469053758216,65.2921871559849,43.2402782445964,31.0314245330465,40.513413850793,40.0768387170288,30.2547686993479,39.2650693191166,45.5323549669048,47.9012221574176,29.3189495299527,0,28.3082636568219,35.1733309516241,38.445381464086,34.5539343543321,39.6104667531541,0,32.5289111801015,36.5331916606097,29.2702331754435,56.5320827530611,54.7862768644224,28.3303072067566,36.8939863199303,29.4002394943262,0,39.0607504607835,45.1163190155676,39.6615048800947
"chr1:235800320|235801097",9.4397840096993,26.4930208287102,4.52512301749185,23.1153180237133,28.5944348119235,27.2073377690775,32.2707760844942,49.2875634837676,25.7313976981111,29.2246811864619,19.3609015887855,18.8226620827686,30.970006909243,42.0525994534092,10.3608379507708,3.6314003622812,18.3342993020965,20.3527153002882,44.9474586072441,36.5199632879387,29.2146185758985,19.0854085532879,32.7223727256405,14.445663144694,5.45372878760675,27.8795399770635,26.6953841464834,13.7427742616908,4.87846660359695,44.843697338859,17.8463171051886,14.3311031862711,2.09690841902384,25.3575176627988,27.6326179273118,27.4398890460872,33.7110355345992,12.8240597857102,18.8877548787686,0,16.83038407588,28.2660413765306,29.3497911773691,23.3725034455742,26.8319900508584,26.0079041680578,13.8076885964944,22.1344252611106,8.82710589435019,6.10176998155302
